iter	RMSE
0	1.083839811
1	0.5854284814
2	0.3384481335
3	0.2258923952
4	0.1812002409
5	0.1636640501
6	0.1553724961
7	0.1507346974
8	0.1466213142
9	0.1439352215
