real,imag
-2.042259,-1.8651307
