real,imag
1.8612847,1.440808
