real,imag
-2.014772,0.13979724
