real,imag
0.24505427,-2.7979913
