real,imag
0.10479468,-3.024011
