epoch,rmse
1,2.2079050260431625
2,2.1798466444015503
3,2.1530310055788826
4,2.128941528937396
5,2.1037329575594734
