epoch,rmse
1,2.059202397153491
2,1.8215804270335607
