epoch,rmse
1,1.5945522644940544
2,0.7780485346036798
