epoch,rmse
1,1.576751288245706
2,0.7371605985304889
