epoch,rmse
1,2.309296874439015
2,2.2556275129318237
