epoch,rmse
1,2.107178400544559
2,2.055661110317006
