epoch,rmse
1,2.0674415476181927
2,2.0223208841155556
