epoch,rmse
1,1.6586651521570541
2,0.7780103508163901
