epoch,rmse
1,2.14781013657065
2,2.094839299426359
