epoch,rmse
1,2.141863591530744
2,2.0969240525189567
