epoch,rmse
1,1.5972583399099463
2,0.7614816883031059
