epoch,rmse
1,1.5597757083528183
2,0.7549170728992013
