epoch,rmse
1,0.7562669925391674
2,0.4199800246528217
