epoch,rmse
1,1.5962041406070484
2,0.7617988200748668
