epoch,rmse
1,2.2087251438814053
2,2.1577452070572796
