epoch,rmse
1,1.6200668040443869
2,0.7738311395925634
