epoch,rmse
1,1.6307675733285791
2,0.7825997629586388
