epoch,rmse
1,2.1654021319221046
2,2.1128848370383766
