epoch,rmse
1,1.956024822734651
2,1.7308439505951745
