epoch,rmse
1,1.5924218752804924
2,0.7684881511856528
