epoch,rmse
1,1.5930079730118023
2,0.7520154328907237
