epoch,rmse
1,2.0396444937762093
2,1.9898167217479032
