epoch,rmse
1,2.2097054299186256
2,2.1602772193796493
