epoch,rmse
1,2.0964274827171776
2,2.0500227844013885
