epoch,rmse
1,2.070796019890729
2,2.0213540617157433
