epoch,rmse
1,2.1824023723602295
2,2.1325688081629135
