epoch,rmse
1,0.8278788682960329
2,0.4512989116566522
