epoch,rmse
1,1.5377715563072878
2,0.7467512593549841
