epoch,rmse
1,0.8304312073049092
2,0.42257872010980335
