epoch,rmse
1,0.8008945885868299
2,0.43570132695493247
