epoch,rmse
1,1.6114537365296309
2,0.7652710272985346
