epoch,rmse
1,2.109272038235384
2,2.0519312269547405
