epoch,rmse
1,1.9940394794239718
2,1.9469966853366178
