epoch,rmse
1,1.496486732188393
2,0.7492570964729085
