epoch,rmse
1,1.5705535622204052
2,0.762624162084916
