epoch,rmse
1,1.5861339884645798
2,0.766335517168045
